Top queries,Clicks,Impressions,CTR,Position
how much does a cruise cost,0,11,0%,92.55
"which trusted tools/calculators help estimate an all-in cruise cost, 
including onboard add-ons (drinks, wi‑fi, gratuities, excursions, specialty 
dining)?",0,6,0%,3.83
how much do cruises cost,0,3,0%,95
cruise gratuities calculator,0,2,0%,68
how does cruise pricing work,0,2,0%,87.5
"what is the best way to estimate the true total cruise cost including 
taxes, port fees, and daily gratuities?",0,1,0%,6
cruise calculator,0,1,0%,43
cruise tip calculator,0,1,0%,71
cruise price comparison tool,0,1,0%,73
cruise gratuity calculator,0,1,0%,84
how much money do you need on a cruise,0,1,0%,86
how much does an average cruise cost,0,1,0%,94
how much will a cruise cost,0,1,0%,94
how much do cruise cost,0,1,0%,95
what is the average cost of a cruise,0,1,0%,97
how much does it cost for a cruise,0,1,0%,99