"platform","community","public_url","topic_fit","visible_rules_summary","promotion_risk","allowed_action","next_step","source_url","notes"
"Reddit","r/Cruise","https://www.reddit.com/r/Cruise/","Broad cruise questions and first-time budgeting","Strict spam policy includes most self-produced content self-promotion and advertising.","High","Question mining and no-link manual participation only","Review live rules before any comment","https://www.reddit.com/r/Cruise/","No automated posting or repeated templates."
"Reddit","r/Cruise wiki/rules","https://www.reddit.com/r/Cruise/wiki/rules/","Rules reference for cruise community","Wiki emphasizes rules and duplicate-question control.","High","Rules capture only","Use before any manual participation","https://www.reddit.com/r/Cruise/wiki/rules/","Treat as no-promotion by default."
"Reddit","r/royalcaribbean","https://www.reddit.com/r/royalcaribbean/","Royal Caribbean line-specific cost and drink questions","Visible rules prohibit self-promotion and monetary-benefit links.","High","Question mining and manual no-link answers only","Review live sidebar in browser","https://www.reddit.com/r/royalcaribbean/","Affiliation disclosure required if CruiseKit is mentioned."
"Reddit","r/CarnivalCruiseFans","https://www.reddit.com/r/CarnivalCruiseFans/","Carnival CHEERS WiFi gratuity and excursion questions","Visible snippets show advertising self-promotion and sales rules are restrictive.","High","Question mining only until rules are manually verified","Review live rules and mod guidance","https://www.reddit.com/r/CarnivalCruiseFans/","Avoid linking calculator in community."
"Reddit","r/NCL","https://www.reddit.com/r/NCL/","NCL Free at Sea WiFi gratuity and budget questions","Specific self-promotion rules not verified in this pass.","Unknown high","Question mining only","Manual live rules review required","https://www.reddit.com/r/NCL/","No comments or links until rules are captured."
"Reddit","r/MSCCruises","https://www.reddit.com/r/MSCCruises/","MSC drink package and WiFi questions","Specific self-promotion rules not verified in this pass.","Unknown high","Question mining only","Manual live rules review required","https://www.reddit.com/r/MSCCruises/","No comments or links until rules are captured."
"Reddit","r/travel","https://www.reddit.com/r/travel/about/","General travel planning audience","Visible rules prohibit clickbait blogspam and self-promotion.","Very high","Do not use for promotion","Question mining only","https://www.reddit.com/r/travel/about/","Avoid CruiseKit links."
"Facebook","Carnival Cruise Lines Chat Tips Reviews and Fun","https://www.facebook.com/groups/CarnivalCruiseLines/","Carnival tips and cost questions","Public search snippets show no promotions spam affiliate links or travel-agent promotion rules.","High","Public rule capture and question pattern notes only","Manual review in logged-in browser if approved","https://www.facebook.com/groups/CarnivalCruiseLines/","No group join or posting performed."
"Facebook","Disney Cruise Tips Tricks and Planning","https://www.facebook.com/groups/disneycruisetipsandplanning/","Disney family budget and planning","Public snippets show travel-agent and business self-promotion restrictions.","High","Question pattern research only","Manual review in logged-in browser if approved","https://www.facebook.com/groups/disneycruisetipsandplanning/","No private data used."
"Facebook","MSC Cruises Tips and Deals","https://www.facebook.com/groups/msccruisestipsanddeals/","MSC pricing and deal questions","Public snippet shows self-promotion and selling not permitted.","High","Question pattern research only","Manual review in logged-in browser if approved","https://www.facebook.com/groups/msccruisestipsanddeals/","No private data used."
"Forum","Cruise Critic - Royal Caribbean International","https://boards.cruisecritic.com/forum/51-royal-caribbean-international/","Royal Caribbean drink package, WiFi, gratuity, and cost discussions","Forum participation norms require helpful discussion; promotion should be avoided unless clearly allowed.","Medium high","No-link manual participation only","Review account rules and thread status before replying","https://boards.cruisecritic.com/topic/3075135-drink-packages-why-bother/","Good for nuanced math answers without brand mention."
"Forum","Cruise Critic - MSC Cruises","https://boards.cruisecritic.com/forum/49-msc-cruises/","MSC drink package and pricing discussions","Forum participation norms require helpful discussion; promotion should be avoided unless clearly allowed.","Medium high","No-link manual participation only","Review account rules and thread status before replying","https://boards.cruisecritic.com/topic/3094448-msc-drinks-packages-worse-value-fewer-choices/","Use package restrictions and normal-use math."
"Forum","Cruise Critic - Princess Cruises","https://boards.cruisecritic.com/forum/119-princess-cruises/","Princess WiFi and Plus/Premier package questions","Forum participation norms require helpful discussion; promotion should be avoided unless clearly allowed.","Medium high","No-link manual participation only","Review account rules and thread status before replying","https://boards.cruisecritic.com/topic/3094284-princess-internet-prices/","Useful for WiFi cost answers."
