"id","source_platform","source_url","public_question_or_pattern","mapped_page","recommended_use","approval_status","notes"
"R01","Reddit","https://www.reddit.com/r/Cruise/comments/xulrx1/drink_package_worth_it/","Drink package worth it?","/guides/drink-package-guide","FAQ H2 and short-form hook","research only","Use as pattern; no user data collected."
"R02","Reddit","https://www.reddit.com/r/Cruise/comments/1aqtim4/i_find_it_hard_to_believe_that_drinks_packages/","I find it hard to believe that drinks packages are really worth it.","/guides/drink-package-guide","Contrarian hook","research only","Good owned-social angle."
"R03","Reddit","https://www.reddit.com/r/Cruise/comments/t2k807/first_time_cruiser_is_the_alcohol_package_worth_it/","First time cruiser. Is the alcohol package worth it?","/guides/drink-package-guide","FAQ and intro angle","research only","First-timer framing."
"R04","Reddit","https://www.reddit.com/r/Cruise/comments/1kgaklx/is_it_worth_it_to_get_this_drink_package/","Is it worth it to get this drink package?","/guides/drink-package-guide","Calculator helper text","research only","Sea days vs port days angle."
"R05","Reddit","https://www.reddit.com/r/Cruise/comments/144y3bg/looking_into_my_first_cruise_and_i_already_feel/","Looking into my first cruise and I already feel I am being nickel and dimed.","/blog/hidden-cruise-costs","Blog intro and social hook","research only","Hidden-cost pain point."
"R06","Reddit","https://www.reddit.com/r/Cruise/comments/12ua302/cruise_pricing_deceptiveness/","Cruise pricing deceptiveness.","/cruise-costs","Cost hub FAQ","research only","Pricing transparency angle."
"R07","Reddit","https://www.reddit.com/r/Cruise/comments/105xqs8/ftc_complaint_for_hidden_fees_by_cruise_lines/","Hidden fees by cruise lines.","/blog/hidden-cruise-costs","FAQ and blog refresh angle","research only","Do not cite complaint as legal claim."
"R08","Reddit","https://www.reddit.com/r/Cruise/comments/tp8vdp/how_much_cash_should_we_bring/","How much cash should we bring?","/faq","FAQ and short-form hook","research only","Exact public title."
"R09","Reddit","https://www.reddit.com/r/Cruise/comments/1e1afh2/how_much_money_should_i_bring_on_my_first_cruise/","How much money should I bring on my first cruise?","/faq","First-cruise FAQ","research only","Cash and port spending angle."
"R10","Reddit","https://www.reddit.com/r/Cruise/comments/10vicf5/how_much_do_you_bring_for_cash_tips/","How much cash do you bring for tips?","/guides/cruise-tipping-guide","Tipping guide FAQ","research only","Avoid telling users to remove gratuities."
"R11","Reddit","https://www.reddit.com/r/Cruise/comments/dwst3d/is_ncls_free_at_sea_actually_a_good_deal/","Is NCL's Free at Sea actually a good deal?","/blog/norwegian-free-at-sea-explained","Guide H2 and social hook","research only","NCL bundle comparison."
"R12","Reddit","https://www.reddit.com/r/Cruise/comments/t6kqf1/ncl_free_at_sea/","NCL Free at Sea?","/blog/norwegian-free-at-sea-explained","FAQ H2","research only","Clarify not zero-cost."
"R13","Reddit","https://www.reddit.com/r/Cruise/comments/189vrmo/who_has_used_this_free_at_sea_with_ncl_especially/","Who has used this Free at Sea with NCL?","/calculator/norwegian","Calculator helper text","research only","Use for NCL calculator copy."
"R14","Reddit","https://www.reddit.com/r/Cruise/comments/1na63ii/what_should_people_know_before_booking_a_cruise/","What should people know before booking a cruise for the first time?","/blog/how-much-does-a-cruise-really-cost-2026","Blog intro angle","research only","Broad first-cruise planning."
"R15","Reddit","https://www.reddit.com/r/Cruise/comments/1e1afh2/how_much_money_should_i_bring_on_my_first_cruise/","What our cruise actually cost.","/calculator","Shareable result hook","research only","Pattern surfaced in related results."
"R16","Reddit","https://www.reddit.com/r/royalcaribbean/","Is buying the drink package worth it?","/calculator/royal-caribbean","Royal calculator FAQ","research only","Pattern from related r/royalcaribbean results."
"R17","Reddit","https://www.reddit.com/r/Cruise/comments/1kgaklx/is_it_worth_it_to_get_this_drink_package/","Cruise ship drink calculators can help determine if it is worth it.","/guides/drink-package-guide","Feature positioning","research only","Do not quote commenters in marketing without review."
"R18","Reddit","https://www.reddit.com/r/Cruise/comments/144y3bg/looking_into_my_first_cruise_and_i_already_feel/","First cruise hidden costs and travel essentials.","/blog/hidden-cruise-costs","Checklist content","research only","First-timer checklist."
"R19","Reddit","https://www.reddit.com/r/Cruise/comments/12ua302/cruise_pricing_deceptiveness/","Fare more than doubled due to WiFi tips beverages transfers insurance and flights.","/cruise-costs","Cost hub example angle","research only","Paraphrase only."
"R20","Reddit","https://www.reddit.com/r/Cruise/comments/tp8vdp/how_much_cash_should_we_bring/","How much cash should we bring for a couple on a first cruise?","/faq","FAQ and video hook","research only","Use no personal identifiers."
"R21","Reddit","https://www.reddit.com/r/royalcaribbean/comments/1u4ypok/heres_a_tip_to_make_the_drink_package_worth_it/","Royal Caribbean drink package break-even math; visible discussion references 4-5 drinks per person per day.","/calculator/royal-caribbean","No-link manual response opportunity","manual review before commenting","Recent thread; answer with cabin-level math, port-day adjustment, and non-alcoholic inclusions."
"R22","Reddit","https://www.reddit.com/r/royalcaribbean/comments/1tuv62i/drink_package_cost_vs_what_we_actually_spent/","Drink package cost vs what we actually spent.","/calculator/royal-caribbean","No-link manual response opportunity","manual review before commenting","Use actual-spend framing; do not promote."
"R23","Reddit","https://www.reddit.com/r/NCL/comments/1q2o01e/freeatsea_unlimited_open_bar_package/","Free-at-Sea Unlimited Open Bar package confusion.","/blog/norwegian-free-at-sea-explained","No-link manual response opportunity","manual review before commenting","Clarify beverage charges vs daily service charges."
"R24","Reddit","https://www.reddit.com/r/NCL/comments/1s2vmqv/is_free_at_sea_plus_really_worth_it_as_i_already/","Is Free at Sea Plus really worth it?","/calculator/norwegian","No-link manual response opportunity","manual review before commenting","Use normal-use upgrade math; no link."
"R25","Reddit","https://www.reddit.com/r/NCL/comments/1s453v7/free_at_sea_service_charges_gratuities/","Free at Sea, service charges, gratuities.","/blog/norwegian-free-at-sea-explained","No-link manual response opportunity","manual review before commenting","Explain separate budget lines; avoid legal/fee accusations."
"R26","Reddit","https://www.reddit.com/r/Cruise/comments/1qwyw5j/how_much_money_do_i_need_for_my_8_day_cruise/","How much money do I need for my 8 day cruise?","/faq","No-link manual response opportunity","manual review before commenting","Budget buckets: onboard, port, excursions, gambling/spa, backup buffer."
"R27","Reddit","https://www.reddit.com/r/Cruise/comments/1rifnlb/wifi_on_cruise/","WiFi on cruise.","/cruise-costs","No-link manual response opportunity","manual review before commenting","Answer by use case: messaging, email, streaming, work calls; mention at-sea carrier risk."
"R28","Reddit","https://www.reddit.com/r/royalcaribbean/comments/1qu1nim/current_drink_packages/","Current Royal Caribbean drink packages.","/calculator/royal-caribbean","No-link manual response opportunity","manual review before commenting","Discuss final daily price after gratuity and reprice behavior."
"R29","Reddit","https://www.reddit.com/r/Cruise/comments/1ora0ng/first_cruise_coming_up/","First cruise coming up; what do you wish you knew?","/blog/how-much-does-a-cruise-really-cost-2026","No-link manual response opportunity","manual review before commenting","Older but useful; answer with cost stack and packing/budget tips."
"R30","Reddit","https://www.reddit.com/r/Cruise/comments/1kpauwk/what_was_that_one_thing_you_forgot_to_budget_for/","What was that one thing you forgot to budget for?","/blog/hidden-cruise-costs","Question-mining and possible no-link response","manual review before commenting","Likely older; use as pattern if thread is archived."
