"campaign_id","utm_source","utm_medium","utm_campaign","utm_content","target_url","landing_intent","approval_status","notes"
"calc_main_qa","qa","test","growth_batch_1_tracking","calculator_main","https://cruisekit.app/calculator?utm_source=qa&utm_medium=test&utm_campaign=growth_batch_1_tracking&utm_content=calculator_main","tracking QA","pending approval","Use only for internal QA after deployment."
"organic_short_real_cost","shortform","organic_social","real_cruise_cost","fare_vs_real_total","https://cruisekit.app/calculator?utm_source=shortform&utm_medium=organic_social&utm_campaign=real_cruise_cost&utm_content=fare_vs_real_total","calculator start","draft","No affiliate links in community use."
"organic_hidden_costs","shortform","organic_social","hidden_cruise_costs","fees_checklist","https://cruisekit.app/blog/hidden-cruise-costs?utm_source=shortform&utm_medium=organic_social&utm_campaign=hidden_cruise_costs&utm_content=fees_checklist","hidden-cost guide","draft","Use for owned social only unless community rules allow links."
"organic_cost_hub","shortform","organic_social","cruise_costs_hub","pricing_works","https://cruisekit.app/cruise-costs?utm_source=shortform&utm_medium=organic_social&utm_campaign=cruise_costs_hub&utm_content=pricing_works","guide visit","draft","Broad cruise expenses education."
"community_no_link_drinks","reddit","community","drink_package_math","no_link_answer","https://cruisekit.app/guides/drink-package-guide?utm_source=reddit&utm_medium=community&utm_campaign=drink_package_math&utm_content=no_link_answer","drink package guide","approval required","Do not post link unless subreddit rules and user approval allow it."
"community_no_link_cash","reddit","community","cash_to_bring","no_link_answer","https://cruisekit.app/faq?utm_source=reddit&utm_medium=community&utm_campaign=cash_to_bring&utm_content=no_link_answer","FAQ support","approval required","Prefer no-link answer; disclose affiliation if CruiseKit is mentioned."
"royal_calculator","shortform","organic_social","royal_caribbean_cost","wifi_drinks_tips","https://cruisekit.app/calculator/royal-caribbean?utm_source=shortform&utm_medium=organic_social&utm_campaign=royal_caribbean_cost&utm_content=wifi_drinks_tips","Royal Caribbean calculator","draft","Owned channel only."
"carnival_calculator","shortform","organic_social","carnival_cost","cheers_wifi_tips","https://cruisekit.app/calculator/carnival?utm_source=shortform&utm_medium=organic_social&utm_campaign=carnival_cost&utm_content=cheers_wifi_tips","Carnival calculator","draft","Owned channel only."
"norwegian_calculator","shortform","organic_social","norwegian_cost","free_at_sea_wifi_tips","https://cruisekit.app/calculator/norwegian?utm_source=shortform&utm_medium=organic_social&utm_campaign=norwegian_cost&utm_content=free_at_sea_wifi_tips","Norwegian calculator","draft","Owned channel only."
"msc_calculator","shortform","organic_social","msc_cost","drinks_wifi_tips","https://cruisekit.app/calculator/msc?utm_source=shortform&utm_medium=organic_social&utm_campaign=msc_cost&utm_content=drinks_wifi_tips","MSC calculator","draft","Owned channel only."
"disney_calculator","shortform","organic_social","disney_budget","family_wifi_tips","https://cruisekit.app/calculator/disney?utm_source=shortform&utm_medium=organic_social&utm_campaign=disney_budget&utm_content=family_wifi_tips","Disney calculator","draft","Owned channel only."
"ncl_free_at_sea","shortform","organic_social","ncl_free_at_sea","not_really_free","https://cruisekit.app/blog/norwegian-free-at-sea-explained?utm_source=shortform&utm_medium=organic_social&utm_campaign=ncl_free_at_sea&utm_content=not_really_free","NCL guide","draft","Owned channel only."
"creator_real_cost","creator","organic_partner","creator_real_cruise_cost","calculator_demo","https://cruisekit.app/calculator?utm_source=creator&utm_medium=organic_partner&utm_campaign=creator_real_cruise_cost&utm_content=calculator_demo","creator demo","approval required","Requires disclosure and creator agreement before use."
"creator_drink_math","creator","organic_partner","creator_drink_package_math","break_even_demo","https://cruisekit.app/guides/drink-package-guide?utm_source=creator&utm_medium=organic_partner&utm_campaign=creator_drink_package_math&utm_content=break_even_demo","creator guide demo","approval required","Requires FTC-compliant disclosure."
"paid_test_calculator","paid_social","cpc","paid_calculator_test","real_cost_hook","https://cruisekit.app/calculator?utm_source=paid_social&utm_medium=cpc&utm_campaign=paid_calculator_test&utm_content=real_cost_hook","paid test landing","approval required","Do not launch without budget and account approval."
